"Women's G-III Sports by Carl Banks  Royal/Gold Golden State Warriors Game News Oversized Full-Zip Hoodie Jacket","$109.99"
"Men's Mitchell & Ness  Black Golden State Warriors Hardwood Classics Blackout Collection Full-Snap Varsity Jacket","$224.99"
"Women's Starter Royal/White Golden State Warriors Full Count Satin Full-Snap Varsity Jacket","$124.99"
"Women's Starter Royal Golden State Warriors Line Up Dolman Raglan Full-Zip Track Jacket","$84.99"
"Men's Nike Black/Yellow Golden State Warriors 2022/23 City Edition Showtime Thermaflex Full-Zip Jacket","$164.99"
"Men's Nike Navy Golden State Warriors 2024/25 City Edition Authentic Showtime Performance Full-Zip Jacket","$164.99"
"Men's JH Design Royal/White Golden State Warriors Reversible Fleece & Faux Leather Full-Snap Jacket","$119.99"
"Men's Starter Royal Golden State Warriors Captain Oxford Full-Zip Jacket","$159.99"
"Men's Pro Standard Black Golden State Warriors Script Tail Full-Snap Satin Varsity Jacket","$129.99"
"Unisex The Wild Collective Blue Golden State Warriors Coaches Full-Zip Denim Jacket","$139.99"
"Men's Nike Black Golden State Warriors 2023/24 City Edition Courtside Premier Full-Snap Bomber Jacket","$184.99"
"Men's Jordan Brand Gray Golden State Warriors Courtside Statement Edition Jumpman Jam Full-Zip Jacket","$129.99"
"Men's Nike Black Golden State Warriors 2023/24 City Edition Authentic Showtime Performance Raglan Full-Zip Jacket","$164.99"
"Women's Starter  Gold/Royal Golden State Warriors Zone Blitz Cropped Full-Snap Satin Jacket","$154.99"
"Men's Starter Royal Golden State Warriors Scout Varsity Satin Full-Snap Jacket","$144.99"
"Men's Antigua Black Golden State Warriors Sway Full-Zip Hoodie Jacket","$126.99"
"Men's JH Design Black Golden State Warriors 2023/24 City Edition Full-Zip Bomber Jacket","$149.99"
"Men's Starter Royal/Gold Golden State Warriors Scout Full-Snap Varsity Jacket","$139.99"
"Men's Mitchell & Ness Royal Golden State Warriors Hardwood Classics  Throwback Wordmark Raglan Full-Snap Jacket","$119.99"
"Men's Starter Royal Golden State Warriors Scout I Full-Snap Varsity Jacket","$154.99"
"Men's Pro Standard Royal Golden State Warriors Sublimated Satin Full-Snap Jacket","$174.99"
"Women's Antigua Heather Royal Golden State Warriors Seeker Full-Zip Hoodie Jacket","$100.99"
"Women's G-III 4Her by Carl Banks Royal Golden State Warriors Main Player Raglan Rhinestone Full-Zip Track Jacket","$84.99"
"Youth Starter Royal Golden State Warriors Scout Varsity Full-Snap Jacket","$119.99"
"Men's Mitchell & Ness Black Golden State Warriors Blackout Collection Vintage Full-Snap Satin Jacket","$149.99"
"Men's JH Design  Royal Golden State Warriors 7-Time NBA Finals Champions Reversible Wool Full-Zip Jacket","$234.99"
"Men's New Era  Navy Golden State Warriors 2024/25 City Edition Full-Zip Windbreaker Jacket","$119.99"
"Unisex Mitchell & Ness Royal Golden State Warriors Vintage Team Origins Satin Full-Snap Jacket","$174.99"
"Men's G-III Sports by Carl Banks Black Golden State Warriors Clutch Hitter Full-Snap Varsity Jacket","$179.99"
"Men's G-III Sports by Carl Banks Royal/White Golden State Warriors Back Field Full-Zip Track Jacket","$79.99"
"Men's Antigua Black Golden State Warriors Altitude Full-Zip Jacket","$114.99"
"Men's Mitchell & Ness Royal Golden State Warriors Hardwood Classics Vintage Logo Full-Zip Bomber Jacket","$149.99"
"Men's Mitchell & Ness Navy Golden State Warriors Big & Tall Hardwood Classics Raglan Satin Full-Snap Jacket","$119.99"
"Men's Starter Gold Golden State Warriors Slider Satin Full-Snap Varsity Jacket","$129.99"
"Women's Terez White Golden State Warriors Full-Snap Bomber Jacket","$284.99"
"Women's The Wild Collective Blue Golden State Warriors Velour Full-Zip Track Jacket Hoodie","$119.99"
"Men's Starter x Levi's Royal Golden State Warriors Silver Label Trucker Satin Full-Snap Jacket","$188.00"
"Women's G-III 4Her by Carl Banks Royal/Gold Golden State Warriors Rebel Sequin Bling Full-Zip Track Jacket","$89.99"
"Men's Starter  Black Golden State Warriors Scout Varsity Full-Snap Jacket","$139.99"
"Men's Tommy Jeans Royal Golden State Warriors Jacob Chain Stitch Applique Full-Snap Varsity Jacket","$119.99"
"Men's Nike Royal Golden State Warriors Courtside Vintage Warmup Full-Zip Jacket","$129.99"
"Women's Mitchell & Ness x DANNIJO Gold Golden State Warriors Cropped Satin Full-Snap Jacket","$175.00"
"Youth Starter  Light Pink Golden State Warriors Arena Full-Snap Varsity Jacket","$109.99"
"Men's Antigua Black Golden State Warriors Swelter Full-Zip Puffer Jacket","$131.99"
"Men's Mitchell & Ness White Golden State Warriors Hardwood Classics  Throwback Wordmark Raglan Full-Snap Jacket","$119.99"
"Men's Starter  Gold Golden State Warriors Reversible Satin Full-Snap Varsity Jacket","$179.99"
"Women's Antigua Heather Charcoal Golden State Warriors Seeker Full-Zip Hoodie Jacket","$100.99"
"Men's Columbia  Black Golden State Warriors Oroville Creek Lined Full-Zip Jacket","$117.99"
"Women's Antigua Black Golden State Warriors Altitude Full-Zip Jacket","$119.99"
"Men's JH Design Gray/Royal Golden State Warriors Embroidered Logo Reversible Fleece Full-Snap Jacket","$119.99"
"Women's Lusso Black Golden State Warriors Nixie Colorblock Chevron Raglan Full-Zip Track Jacket","$118.99"
"Men's G-III Sports by Carl Banks  Royal Golden State Warriors Moneyball Wool & Leather Full-Snap Varsity Jacket","$349.99"
"Men's Columbia  Blue Golden State Warriors  Oroville Creek Lined Full-Zip Jacket","$114.99"
"Men's Mitchell & Ness Royal Golden State Warriors Hardwood Classics Big Shot Premium Full-Zip Windbreaker Jacket","$134.99"
"Women's Fanatics Black Golden State Warriors Studio Fitted Full-Zip Gym Track Jacket","$89.99"
"Men's Mitchell & Ness Royal Golden State Warriors Undeniable Full-Zip Windbreaker Jacket","$134.99"
"Men's Antigua Heather Gray Golden State Warriors Hold-Up Full-Zip Tri-Blend Jacket","$121.99"
"Women's Antigua Royal Golden State Warriors Universe Full-Zip Puffer Jacket","$125.99"
"Men's JH Design Royal Golden State Warriors Reversible Embroidered Wool Full-Snap Jacket","$180.00"
"Men's Antigua Black Golden State Warriors Big & Tall Victory Full-Zip Hoodie Jacket","$113.99"
"Men's Starter White/Royal Golden State Warriors Renegade Satin Full-Snap Varsity Jacket","$139.99"
"Men's Antigua Heather Black Golden State Warriors Hold-Up Full-Zip Tri-Blend Jacket","$121.99"
"Men's JH Design  Royal Golden State Warriors Reversible Wool Full-Zip Jacket","$199.99"
"Men's JH Design Royal Golden State Warriors Lightweight Nylon Full-Zip Bomber Jacket","$119.99"
"Men's Antigua Heather Royal Golden State Warriors Effortless Full-Zip Hoodie Jacket","$107.99"
"Men's Antigua Black Golden State Warriors Regard Full-Zip Jacket","$112.99"
"Men's Pro Standard Royal Golden State Warriors Classic Warm-Up Full-Snap Jacket","$124.99"
"Women's Columbia  Royal Golden State Warriors Give & Go II Fleece Full-Zip Jacket","$94.99"
"Men's Columbia  White Golden State Warriors Hikebound Full-Zip Jacket","$159.99"
"Men's Antigua Gray Golden State Warriors Daily Fused Full-Zip Jacket","$126.99"
"Men's Starter Gold/Royal Golden State Warriors Rush Applique Full-Zip Track Jacket","$99.99"
"Women's Antigua Royal Golden State Warriors Generation Full-Zip Jacket","$94.99"
"Men's G-III Sports by Carl Banks Royal Golden State Warriors Game Ball Full-Zip Track Jacket","$79.99"
"Men's Mitchell & Ness  Royal Golden State Warriors Hardwood Classics Varsity Full-Snap Jacket","$274.99"
"Men's JH Design Gold/Royal Golden State Warriors Split All Over Full-Zip Jacket","$199.99"
"Youth Mitchell & Ness  Royal Golden State Warriors Full-Snap Varsity Jacket","$124.99"
"Men's JH Design  Royal Golden State Warriors Full-Zip Bomber Jacket","$149.99"
"Men's Starter Black Golden State Warriors Home Game Satin Full-Snap Varsity Jacket","$149.99"
"Men's Mitchell & Ness White Golden State Warriors Hardwood Classics Nights Team Leader Satin Full-Zip Jacket","$149.99"
"Men's Nike Royal Golden State Warriors Courtside Versus Capsule Full-Zip Jacket","$129.99"
"Men's Starter Royal/Gold Golden State Warriors Renegade Satin Full-Snap Varsity Jacket","$139.99"
"Youth Royal Golden State Warriors Scrimmage Full-Snap Varsity Jacket","$124.99"
"Men's Antigua Royal Golden State Warriors Links Full-Zip Golf Jacket","$104.99"
"Men's Antigua Heather Charcoal Golden State Warriors Effortless Full-Zip Hoodie Jacket","$107.99"
"Women's Antigua White Golden State Warriors Generation Full-Zip Jacket","$94.99"
"Men's Mitchell & Ness Navy Golden State Warriors Hardwood Classics Satin Full-Snap Raglan Jacket","$119.99"
"Men's Mitchell & Ness Gold Golden State Warriors Team OG 2.0 Vintage Logo Satin Full-Zip Jacket","$149.99"
"Women's Antigua Royal Golden State Warriors Links 2 Full-Zip Golf Jacket","$106.99"
"Men's Fanatics Royal/Heather Gray Golden State Warriors Big & Tall Pieced Stripe Raglan Full-Zip Track Jacket","$74.99"
"Unisex Bleacher Report x Mitchell & Ness Black Golden State Warriors Backstage Crew Hoodie Full-Zip Jacket","$149.99"
"Men's G-III Sports by Carl Banks Royal Golden State Warriors Contender Wordmark Full-Zip Track Jacket","$79.99"
"Men's Starter x Ty Mopkins Black Golden State Warriors Black History Month Satin Full-Zip Jacket","$199.99"
"Women's Antigua Black Golden State Warriors Universe Full-Zip Puffer Jacket","$125.99"
"Women's Columbia White Golden State Warriors River Fleece Full-Zip Jacket","$99.99"
"Men's G-III Sports by Carl Banks Royal Golden State Warriors Contender Full-Zip Hoodie Jacket","$89.99"
"Men's Columbia Royal Golden State Warriors Steens Full-Zip Jacket","$89.99"
"Men's Columbia Royal Golden State Warriors Camo Flash Forward Full-Zip Windbreaker Jacket","$99.99"
"Men's Jeff Hamilton  Black Golden State Warriors Wool & Leather Full-Snap Varsity Jacket","$849.99"
"Women's Antigua White Golden State Warriors Continual Full-Zip Jacket","$106.99"
"Men's Fanatics  Royal/Gray Golden State Warriors Anorak Flagrant Foul Color-Block Raglan Hoodie Half-Zip Jacket","$79.99"
"Men's Starter Royal Golden State Warriors Home Game Satin Full-Snap Varsity Jacket","$149.99"
"Women's Columbia  White Golden State Warriors Give & Go II Fleece Full-Zip Jacket","$94.99"
"Men's Antigua Black Golden State Warriors Big & Tall Victory Full-Zip Hoodie Jacket","$100.99"
"Women's Antigua Black Golden State Warriors Generation Full-Zip Jacket","$94.99"
"Men's Antigua Gray Golden State Warriors Links 2 Full-Zip Golf Jacket","$114.99"
"Men's Starter  Black Golden State Warriors Printed Team Name Satin Varsity Full-Snap Jacket","$129.99"
"Men's Antigua Royal Golden State Warriors Objection Double-Peached Full-Zip Jacket","$121.99"
"Men's Antigua Black Golden State Warriors Objection Double-Peached Full-Zip Jacket","$121.99"
"Men's Antigua Black Golden State Warriors Daily Fused Full-Zip Jacket","$126.99"
"Women's Columbia Tan Golden State Warriors Omni-Wick Half Shot Full-Zip Hooded Jacket","$114.99"
"Men's Starter Black Golden State Warriors In-Field Play Fashion Satin Full-Zip Varsity Jacket","$119.99"
"Men's Antigua Heather Gray Golden State Warriors Action Full-Zip Jacket","$77.99"
"Women's Antigua Black Golden State Warriors Continual Full-Zip Jacket","$106.99"
"Men's Antigua  Black Golden State Warriors Victory Full-Zip Jacket","$94.99"
"Men's Columbia  Black Golden State Warriors Hikebound Full-Zip Jacket","$159.99"
"Women's Levelwear  Royal Golden State Warriors Ezra Insignia Core Full-Zip Jacket","$144.99"
"Men's Antigua Heather Gray Golden State Warriors Effortless Full-Zip Hoodie Jacket","$107.99"
"Men's Antigua  Gray Golden State Warriors Pivot Full-Zip Jacket","$107.99"
"Men's Antigua Black Golden State Warriors Links 2 Full-Zip Golf Jacket","$114.99"
"Women's Antigua Royal Golden State Warriors Links Full-Zip Golf Jacket","$104.99"
"Men's Mitchell & Ness  Royal Golden State Warriors Throw It Back Full-Zip Windbreaker Jacket","$109.99"
"Women's Lusso White Golden State Warriors Swarovski Crystal & Distressed Button-Up Denim Jacket","$215.99"
"Women's Antigua Black Golden State Warriors Links 2 Full-Zip Golf Jacket","$106.99"
"Women's Antigua Gray Golden State Warriors Generation Full-Zip Jacket","$94.99"
"Women's Antigua  Black Golden State Warriors Regard Full-Zip Jacket","$105.99"
"Men's JH Design Royal Golden State Warriors Poly-Twill Full-Zip Jacket","$189.99"
"Men's Pro Standard Royal Golden State Warriors Area Code Full-Zip Jacket","$179.99"
"Women's Antigua  Black Golden State Warriors Even Par Full-Zip Jacket","$100.99"
"Men's Levelwear  Black Golden State Warriors Harrington Full-Zip Jacket","$139.99"
"Youth Starter Black Golden State Warriors Printed City Team Logo Varsity Full-Snap Jacket","$119.99"
"Men's Golden State Warriors Royal Mitchell & Ness Hardwood Classics 75th Anniversary Authentic Warmup Full-Snap Jacket","$249.99"
"Men's Antigua Royal Golden State Warriors Links 2 Full-Zip Golf Jacket","$114.99"
"Women's JH Design Royal Golden State Warriors Embroidered Logo Wool Jacket","$399.99"
"Men's JH Design Black Golden State Warriors 2022/23 City Edition Full-Zip Nylon Bomber Jacket","$149.99"
"Men's Mitchell & Ness  White Golden State Warriors Hardwood Classics Arched Retro Lined Full-Zip Windbreaker Jacket","$134.99"
"Men's Antigua Black Golden State Warriors Links Full-Zip Golf Jacket","$104.99"
"Men's Jeff Hamilton  Black Golden State Warriors Vegan Leather Full-Snap Jacket","$399.99"
"Golden State Warriors JH Design Women's Reversible Jacket with Fleece and Nylon Sides - Black","$119.99"
"Men's Antigua Gray Golden State Warriors Swelter Full-Zip Puffer Jacket","$131.99"
"Men's Mitchell & Ness Royal Golden State Warriors Hardwood Classics Team OG 3.0 Lightweight Satin Full-Snap Jacket","$139.99"
"Women's Antigua  Gray Golden State Warriors Regard Full-Zip Jacket","$105.99"
"Men's JH Design Royal Golden State Warriors Domestic Team Color Leather Jacket","$1,499.99"
"Men's JH Design Black Golden State Warriors Domestic Team Color Leather Jacket","$1,500.00"
"Men's Antigua Gray Golden State Warriors Objection Double-Peached Full-Zip Jacket","$121.99"
"Women's Antigua Olive Golden State Warriors Seeker Full-Zip Hoodie Jacket","$100.99"
"Women's Antigua  Gray Golden State Warriors Regard Full-Zip Jacket","$105.99"
"Men's JH Design Royal Golden State Warriors Domestic Team Color Leather Jacket","$1,499.99"
"Men's JH Design Black Golden State Warriors Domestic Team Color Leather Jacket","$1,500.00"
"Men's Antigua Gray Golden State Warriors Objection Double-Peached Full-Zip Jacket","$121.99"
"Men's JH Design Gray/Charcoal Golden State Warriors Lightweight Nylon Full-Zip Bomber Jacket","$119.99"
"Men's Pro Standard Brown Golden State Warriors Paint The City Full-Zip Jacket","$159.99"
"Women's Antigua Gray Golden State Warriors Links 2 Full-Zip Golf Jacket","$106.99"
"Women's Antigua  Royal Golden State Warriors Brushed Metallic Generation Full-Zip Jacket","$94.99"
"Women's Antigua Heather Gray Golden State Warriors Seeker Full-Zip Hoodie Jacket","$100.99"
"Women's Antigua  Black Golden State Warriors Brushed Metallic Generation Full-Zip Jacket","$94.99"
"Men's Antigua Heather Gray Golden State Warriors Big & Tall Victory Full-Zip Hoodie Jacket","$113.99"
"Men's Columbia Gray Golden State Warriors In The Element Full-Zip Jacket","$129.99"
"Men's Antigua Heather Gray Golden State Warriors Big & Tall Victory Full-Zip Hoodie Jacket","$100.99"
"Men's Antigua  Heather Gray Golden State Warriors Victory Full-Zip Jacket","$94.99"
"Men's JH Design  Royal Golden State Warriors Classic Reversible Full-Zip Jacket","$149.99"
"Men's Jeff Hamilton  Black Golden State Warriors Leather Full-Snap Jacket","$1,749.99"
"Men's Starter Black Golden State Warriors Retro Logo Raglan Coaches Full-Snap Jacket","$114.99"
"Women's Columbia Royal Golden State Warriors River Fleece Full-Zip Jacket","$99.99"
"Men's Antigua Gray Golden State Warriors Regard Full-Zip Jacket","$112.99"
"Men's Antigua White Golden State Warriors Big & Tall Victory Full-Zip Hoodie Jacket","$100.99"
"Women's Antigua Charcoal Golden State Warriors Links Full-Zip Golf Jacket","$104.99"
"Men's JH Design Royal Golden State Warriors Big & Tall All-Leather Full-Snap Jacket","$1,700.00"
"Men's JH Design Black/White Golden State Warriors Big & Tall Wool & Leather Jacket","$599.99"
"Men's Antigua Olive Golden State Warriors Effortless Full-Zip Hoodie Jacket","$107.99"
"Men's Starter Royal Golden State Warriors Yard Line Full-Zip Jacket","$144.99"
"Women's Antigua  Gray Golden State Warriors Even Par Full-Zip Jacket","$100.99"
"Men's Starter  Gray Golden State Warriors Printed Team Name Satin Varsity Full-Snap Jacket","$129.99"
"Women's Antigua White Golden State Warriors Universe Full-Zip Puffer Jacket","$125.99"
"Men's JH Design Gray Golden State Warriors Reversible Full-Zip Track Jacket","$84.99"
"Women's Antigua  Black Golden State Warriors Victory Full-Zip Jacket","$84.99"
"Men's Antigua White Golden State Warriors Big & Tall Victory Full-Zip Hoodie Jacket","$113.99"
"Women's Antigua  Royal Golden State Warriors Strike Full-Zip Track Jacket","$99.99"
"Women's Antigua  Charcoal Golden State Warriors Brushed Metallic Generation Full-Zip Jacket","$94.99"
"Men's JH Design Black Golden State Warriors Tonal Leather Full-Zip Jacket","$1,499.99"
"Men's JH Design Royal Golden State Warriors Big & Tall All-Leather Logo Full-Snap Jacket","$1,699.99"
"Women's Antigua Royal Golden State Warriors 2022 NBA Finals Champions Generation Full-Zip Jacket","$94.99"
"Men's Nike Royal Golden State Warriors Authentic On-Court Showtime Performance Full-Zip Hoodie","$154.99"
"Men's Starter  Royal/Gold Golden State Warriors Charger Half-Zip Pullover Jacket","$159.99"
"Unisex Mitchell & Ness  Royal Golden State Warriors Hardwood Classics Team OG 3.0 Anorak Half-Zip Windbreaker Jacket","$134.99"
"Men's Antigua Royal Golden State Warriors Big & Tall Generation Quarter-Zip Pullover Jacket","$94.99"
"Women's Starter Royal Golden State Warriors Renegade Oxford Half-Zip Jacket","$129.99"
"Men's Columbia Royal Golden State Warriors Team Shotgun Quarter-Zip Pullover Jacket","$104.99"
"Men's Antigua Natural Golden State Warriors Fortune Quarter-Zip Pullover Jacket","$114.99"
"Men's Mitchell & Ness Royal Golden State Warriors  Team OG 2.0 Vintage Logo Anorak Windbreaker Quarter-Zip Jacket","$139.99"
"Men's Mitchell & Ness Royal Golden State Warriors Big & Tall Hardwood Classics Team OG 2.0 Anorak Hoodie Quarter-Zip Windbreaker Jacket","$149.99"
"Men's Antigua Heather Black Golden State Warriors Metallic Logo Big & Tall Fortune Quarter-Zip Jacket","$112.99"
"Women's Terez White Golden State Warriors Retro Chevron Ripstop Quarter-Zip Windbreaker Jacket","$197.99"
"Men's Nike Black Golden State Warriors Authentic Performance Half-Zip Jacket","$74.99"
"Men's Antigua White Golden State Warriors Generation Quarter-Zip Pullover Jacket","$94.99"
"Women's The Wild Collective Royal Golden State Warriors Courtside Half-Zip Track Jacket","$109.99"
"Men's Nike Royal Golden State Warriors Authentic Performance Half-Zip Jacket","$74.99"
"Men's Antigua Heather Gray Golden State Warriors Metallic Logo Fortune Quarter-Zip Jacket","$114.99"
"Women's Antigua Natural Golden State Warriors Fortune Quarter-Zip Pullover Jacket","$114.99"
"Men's Starter  Royal Golden State Warriors Charger Half-Zip Pullover Jacket","$174.99"
"Men's Antigua Royal Golden State Warriors Generation Quarter-Zip Pullover Jacket","$94.99"
"Men's Antigua Kelly Green Golden State Warriors St. Patrick's Day Intent Quarter-Zip Jacket","$94.99"
"Men's Mitchell & Ness  Royal Golden State Warriors Hardwood Classics Team OG 2.0 Anorak Hoodie Half-Zip Windbreaker Jacket","$134.99"
"Men's Antigua Charcoal Golden State Warriors Big & Tall Generation Quarter-Zip Pullover Jacket","$92.99"
"Men's Antigua Gray Golden State Warriors St. Patrick's Day Intent Quarter-Zip Jacket","$94.99"
"Men's Antigua Heather Gray Golden State Warriors Metallic Logo Fortune Quarter-Zip Jacket","$114.99"
"Men's Antigua Heather Black Golden State Warriors Metallic Logo Fortune Quarter-Zip Jacket","$114.99"
"Men's Antigua Charcoal Golden State Warriors Generation Quarter-Zip Pullover Jacket","$94.99"
"Men's Antigua Gray/Gray Golden State Warriors Big & Tall Pace Quarter-Zip Pullover Jacket","$89.99"
"Women's Antigua Heathered Gray Golden State Warriors NBA 75th Anniversary Fortune Quarter-Zip Pullover Jacket","$114.99"
"Men's Nike Royal Golden State Warriors 2023/24 Authentic Showtime Full-Zip Hoodie","$154.99"
"Men's Antigua Gray/Gray Golden State Warriors Pace Quarter-Zip Pullover Jacket","$84.99"
"Men's Antigua Black Golden State Warriors Generation Quarter-Zip Pullover Jacket","$94.99"
"Men's Antigua Heather Gray Golden State Warriors Metallic Logo Big & Tall Fortune Quarter-Zip Jacket","$112.99"
"Men's Antigua Tan Golden State Warriors NBA 75th Anniversary Fortune Quarter-Zip Pullover Jacket","$119.99"
"Women's Antigua Heathered Charcoal Golden State Warriors NBA 75th Anniversary Fortune Quarter-Zip Pullover Jacket","$114.99"
"Men's Antigua Black Golden State Warriors St. Patrick's Day Intent Quarter-Zip Jacket","$94.99"
"Women's Columbia  White Golden State Warriors Flash Forward Windbreaker","$94.99"
"Women's Antigua  Black Golden State Warriors Brushed Metallic Victory Full-Zip Hoodie","$84.99"
"Women's Levelwear White Golden State Warriors Gardinia Core Logo Full-Zip Hoodie","$109.99"
"Men's Antigua Black Golden State Warriors Metallic Logo Victory Raglan Full-Zip Hoodie","$84.99"
"Men's Antigua Charcoal Golden State Warriors Metallic Logo Victory Raglan Full-Zip Hoodie","$84.99"
"Men's Mitchell & Ness Royal Golden State Warriors Hardwood Classics Retro Quilted Raglan Full-Zip Hoodie","$199.99"
"Unisex The Wild Collective Black Golden State Warriors Flannel Full-Zip Shacket","$119.99"
"Women's Antigua  Royal Golden State Warriors Brushed Metallic Victory Full-Zip Hoodie","$84.99"
"Men's G-III Sports by Carl Banks Tan Golden State Warriors Build Up Heavy Duck Canvas Full-Zip Hoodie","$169.99"
"Men's Antigua White Golden State Warriors Metallic Logo Victory Raglan Full-Zip Hoodie","$84.99"
"Women's Antigua  White Golden State Warriors Brushed Metallic Victory Full-Zip Hoodie","$84.99"
"Women's Antigua  Charcoal Golden State Warriors Brushed Metallic Victory Full-Zip Hoodie","$84.99"
"Men's Antigua Royal Golden State Warriors Metallic Logo Victory Raglan Full-Zip Hoodie","$84.99"
"Men's Antigua Heather Gray Golden State Warriors Metallic Logo Victory Raglan Full-Zip Hoodie","$84.99"
"Women's Antigua  Heather Gray Golden State Warriors Brushed Metallic Victory Full-Zip Hoodie","$84.99"
"Women's G-III 4Her by Carl Banks Royal Golden State Warriors Last Shot Full-Zip Hoodie","$99.99"
"Men's Levelwear Black Golden State Warriors Durham Insignia Core Full-Zip Hoodie","$159.99"
"Women's Antigua Royal Golden State Warriors NBA 75th Anniversary Generation Full-Zip","$94.99"
"Men's Antigua Black Golden State Warriors Streamer Button-Up Shacket","$97.99"
"Men's Nike Navy Golden State Warriors 2024/25 City Edition Authentic Coaches Performance Half-Zip Top","$84.99"
"Men's Nike Black Golden State Warriors 2024/25 Courtside Performance Half-Zip Top","$74.99"
"Men's Nike  Royal Golden State Warriors Courtside Premium Club Anorak Quarter-Zip Pullover Hoodie","$99.99"
"Women's G-III 4Her by Carl Banks Black Golden State Warriors Flowers Team Logo Graphic Fleece Pullover Hoodie","$69.99"
"Men's Nike Royal Golden State Warriors 2024/25 Courtside Performance Half-Zip Top","$74.99"
"Men's Antigua Charcoal Golden State Warriors Metallic Logo Victory Raglan Pullover Hoodie","$84.99"
"Women's Antigua  Royal Golden State Warriors Contemporary Quarter-Zip Hoodie","$74.99"
"Men's Columbia White Golden State Warriors Omni-Wick Shotgun Quarter-Zip Pullover","$104.99"
"Men's Antigua Black Golden State Warriors Tribute Quarter-Zip Pullover Top","$79.99"
"Women's Columbia Royal Golden State Warriors Omni-Wick Shotgun Quarter-Zip Pullover Top","$94.99"
"Men's Antigua Heather Royal Golden State Warriors Cloud Pullover Hoodie","$115.99"
"Men's Antigua Black Golden State Warriors  Twist Quarter-Zip Pullover Top","$82.99"
"Women's Antigua Black Golden State Warriors Victory Pullover Hoodie","$100.99"
"Women's Antigua Royal Golden State Warriors Victory Pullover Hoodie","$100.99"
"Men's Columbia  Gray Golden State Warriors Park View Half-Zip Top","$94.99"
"Women's Antigua Royal Golden State Warriors Experience Full-Zip Vest","$95.99"
"Men's Columbia Gray Golden State Warriors Fast Trek III Half-Zip Fleece Pullover","$84.99"
"Women's G-III 4Her by Carl Banks Royal Golden State Warriors Flowers Team Logo Graphic Fleece Pullover Hoodie","$69.99"
"Men's Antigua Royal Golden State Warriors Tribute Quarter-Zip Pullover Top","$79.99"
"Men's Antigua Charcoal Golden State Warriors Metallic Logo Tribute Quarter-Zip Top","$79.99"
"Men's Antigua Black Golden State Warriors Metallic Logo Tribute Quarter-Zip Top","$79.99"
"Men's Antigua White Golden State Warriors Metallic Logo Victory Raglan Pullover Hoodie","$84.99"
"Men's Antigua Royal Golden State Warriors  Twist Quarter-Zip Pullover Top","$82.99"
"Men's Nike Black Golden State Warriors 2023/24 City Edition Authentic Coaches Half-Zip Top","$84.99"
"Men's Columbia Royal Golden State Warriors Fast Trek III Half-Zip Fleece Pullover","$84.99"
"Women's Antigua White Golden State Warriors Victory Pullover Hoodie","$100.99"
"Men's Columbia Black Golden State Warriors Omni-Wick Shotgun Quarter-Zip Pullover","$104.99"
"Women's G-III 4Her by Carl Banks  Black Golden State Warriors Leopard Heart Fleece Pullover Sweatshirt","$64.99"
"Men's Antigua Heather Royal Golden State Warriors Bright Quarter-Zip Top","$85.99"
"Men's Antigua  Charcoal Golden State Warriors Shamrock Tribute Quarter-Zip Pullover Top","$93.99"
"Women's G-III 4Her by Carl Banks Black Golden State Warriors Flowers Team Logo Graphic Fleece Crewneck Pullover Sweatshirt","$79.99"
"Men's Antigua Black Golden State Warriors Metallic Logo Generation Quarter-Zip Top","$64.99"
"Women's Antigua  Pewter Golden State Warriors Contemporary Quarter-Zip Hoodie","$94.99"
"Women's Antigua Royal Golden State Warriors Victory Quarter-Zip Sweatshirt","$74.99"
"Women's G-III 4Her by Carl Banks Black Golden State Warriors Collage Team Graphic Fleece Pullover Sweatshirt","$85.99"
"Women's Antigua  Black Golden State Warriors Contemporary Quarter-Zip Hoodie","$64.99"
"Women's G-III 4Her by Carl Banks Royal Golden State Warriors Flowers Team Logo Graphic Fleece Crewneck Pullover Sweatshirt","$74.99"
"Men's Antigua Heather Black Golden State Warriors Cloud Pullover Hoodie","$64.99"
"Women's Antigua Charcoal Golden State Warriors Victory Pullover Hoodie","$115.99"
"Men's Antigua Heather Royal Golden State Warriors Tidy Quarter-Zip Hoodie","$100.99"
"Women's G-III 4Her by Carl Banks Heather Gray Golden State Warriors Flowers Team Logo Graphic Fleece Pullover Hoodie","$86.99"
"Men's Antigua Royal Golden State Warriors Metallic Logo Victory Raglan Pullover Hoodie","$94.99"
"Women's Antigua Royal Golden State Warriors Tribute Half-Zip Top","$69.99"
"Men's Antigua Black Golden State Warriors Metallic Logo Victory Raglan Pullover Hoodie","$84.99"
"Men's Antigua Heather Royal Golden State Warriors Subtle Quarter-Zip Sweatshirt","$79.99"
"Women's G-III 4Her by Carl Banks Royal Golden State Warriors Leopard Heart Graphic Fleece Pullover Hoodie","$84.99"
"Men's Antigua Black/Gray Golden State Warriors Content Quarter-Zip Top","$102.99"
"Women's G-III 4Her by Carl Banks Heather Gray Golden State Warriors Flowers Team Logo Graphic Fleece Crewneck Pullover Sweatshirt","$69.99"
"Women's G-III 4Her by Carl Banks White Golden State Warriors Flowers Team Logo Graphic Fleece Pullover Hoodie","$93.99"
"Women's Columbia  Blue Golden State Warriors  Omni-Wick Outward Nine Quarter-Zip Pullover Top","$64.99"
"Men's Columbia Gray Golden State Warriors Omni-Wick In The Element Full-Zip Vest","$69.99"
"Women's Antigua  Heather Black Golden State Warriors Daybreak Quarter-Zip Hoodie","$104.99"
"Men's Antigua  Kelly Green Golden State Warriors Shamrock Tribute Quarter-Zip Pullover Top","$114.99"
"Women's Antigua Heather Charcoal Golden State Warriors Justice Pullover Hoodie","$86.99"
"Men's Antigua White Golden State Warriors Metallic Logo Generation Quarter-Zip Top","$79.99"
"Men's Antigua Gold Golden State Warriors Intent Quarter-Zip Top","$95.99"
"Women's G-III 4Her by Carl Banks Royal Golden State Warriors Collage Team Graphic Fleece Pullover Sweatshirt","$94.99"
"Men's Antigua Pewter Golden State Warriors  Twist Quarter-Zip Pullover Top","$93.99"
"Men's Antigua Black Golden State Warriors Demand Full-Zip Vest","$64.99"
"Women's G-III 4Her by Carl Banks White Golden State Warriors Leopard Heart Graphic Fleece Pullover Hoodie","$82.99"
"Men's Antigua Black Golden State Warriors Big & Tall Victory Raglan Pullover Hoodie","$102.99"
"Men's Antigua Khaki Golden State Warriors Victory Crewneck Pullover Sweatshirt","$69.99"
"Men's Antigua Heather Charcoal Golden State Warriors Fortune Full-Zip Vest","$95.99"
"Men's Columbia Heathered Gray/Royal Golden State Warriors Omni-Wick Shotgun 2.0 Quarter-Zip Pullover Top","$90.99"
"Women's Antigua  White Golden State Warriors Contemporary Quarter-Zip Hoodie","$107.99"
"Men's Antigua White Golden State Warriors St. Patrick's Day Victory Raglan Pullover Hoodie","$104.99"
"Women's G-III 4Her by Carl Banks  Heather Gray Golden State Warriors Leopard Heart Fleece Pullover Sweatshirt","$74.99"
"Women's G-III 4Her by Carl Banks  Royal Golden State Warriors Leopard Heart Fleece Pullover Sweatshirt","$94.99"
"Men's Antigua Heather Black Golden State Warriors Cloud Pullover Hoodie","$64.99"
"Men's Levelwear Royal Golden State Warriors Dimension Insignia Core Pullover Hoodie","$64.99"
"Men's Antigua Royal Golden State Warriors Metallic Logo Tribute Quarter-Zip Top","$102.99"
"Women's Antigua  Black Golden State Warriors Nostalgic Full-Zip Vest","$97.99"
"Men's Levelwear  Royal Golden State Warriors Gear Insignia Core Quarter-Zip Pullover Top","$79.99"
"Men's Antigua Heather Gray Golden State Warriors Bright Quarter-Zip Top","$101.99"
"Men's Antigua  Royal/Gray Golden State Warriors Tending 2 Button-Down Long Sleeve Shirt","$154.99"
"Men's Antigua Heather Gray Golden State Warriors St. Patrick's Day Victory Raglan Pullover Hoodie","$93.99"
"Men's Tommy Jeans Royal Golden State Warriors Bernard Half-Zip Hoodie","$80.99"
"Men's Columbia Royal Golden State Warriors Omni-Wick In The Element Full-Zip Vest","$94.99"
"Men's Antigua Oatmeal Golden State Warriors Fortune Full-Zip Vest","$69.99"
"Men's Antigua Heather Gray Golden State Warriors Spikes Raglan Quarter-Zip Hoodie","$114.99"
"Women's Antigua  Heather Royal Golden State Warriors Daybreak Quarter-Zip Hoodie","$107.99"
"Women's G-III 4Her by Carl Banks  White Golden State Warriors Leopard Heart Fleece Pullover Sweatshirt","$114.99"
"Men's Antigua Royal Golden State Warriors Flight Woven Tri-Blend Long Sleeve Button-Down Shirt","$86.99"
"Men's Antigua  Heather Gray Golden State Warriors Brisk Quarter-Zip Windbreaker","$64.99"
"Women's Antigua Black Golden State Warriors Figure Half-Zip Pullover Sweatshirt","$87.99"
"Women's Antigua Gray Golden State Warriors Figure Half-Zip Pullover Sweatshirt","$96.99"
"Men's Columbia  Heather Gray Golden State Warriors Omni-Wick Rockin' It Quarter-Zip Pullover Top","$114.99"
"Men's Fanatics Royal Golden State Warriors Big & Tall Anorak Half-Zip Hoodie","$114.99"
"Men's Columbia  Blue Golden State Warriors  Terminal Tackle Long Sleeve Hoodie T-Shirt","$104.99"
"Men's Antigua  Heather Gray Golden State Warriors Victory Quarter-Zip Pullover Top","$69.99"
"Women's Antigua Royal Golden State Warriors Reprocess Quarter-Zip Top","$79.99"
"Men's Antigua Gray Golden State Warriors Flight Woven Tri-Blend Long Sleeve Button-Down Shirt","$89.99"
"Men's Antigua Black Golden State Warriors Flight Woven Tri-Blend Long Sleeve Button-Down Shirt","$77.99"
"Men's Antigua Black Golden State Warriors Intent Quarter-Zip Top","$87.99"
"Men's Antigua  Black Golden State Warriors Brisk Full-Zip Vest","$87.99"
"Women's G-III 4Her by Carl Banks Black Golden State Warriors Team Collage Graphic Fleece Pullover Hoodie","$93.99"
"Men's Antigua  Heather Royal Golden State Warriors Hunk Quarter-Zip Pullover Top","$90.99"
"Men's Antigua White Golden State Warriors  Twist Quarter-Zip Pullover Top","$69.99"
"Women's Antigua Heather Black Golden State Warriors Crush Quarter-Zip Fleece Sweatshirt","$94.99"
"Women's Antigua Heather Royal Golden State Warriors Crush Quarter-Zip Fleece Sweatshirt","$82.99"
"Women's Antigua Heather Gray Golden State Warriors Crush Quarter-Zip Fleece Sweatshirt","$95.99"
"Men's Antigua Royal Golden State Warriors Exposure Woven Long Sleeve Button-Up Shirt","$95.99"
"Men's Antigua  Gray Golden State Warriors Insider Quarter-Zip Top","$95.99"
"Men's Antigua Heather Gray Golden State Warriors Fortune Full-Zip Vest","$98.99"
"Women's G-III 4Her by Carl Banks Heather Gray Golden State Warriors Leopard Heart Graphic Fleece Pullover Hoodie","$112.99"
"Men's Antigua Pewter Golden State Warriors Metallic Logo Generation Quarter-Zip Top","$107.99"
"Men's Antigua  Black Golden State Warriors Flier Bunker Pullover Sweatshirt","$69.99"
"Women's DKNY Sport Leopard Golden State Warriors Gabriella Windbreaker Half-Zip Hoodie","$94.99"
"Men's Antigua  Gray Golden State Warriors Perilous Quarter-Zip Sweatshirt","$85.99"
"Men's Antigua Heather Black Golden State Warriors Spikes Raglan Quarter-Zip Hoodie","$129.99"
"Men's Antigua  Black Golden State Warriors Steamer Button-Up Shacket","$107.99"
"Women's Antigua White Golden State Warriors Tribute Half-Zip Top","$114.99"
"Men's Antigua Heather Royal Golden State Warriors Cloud Pullover Hoodie","$96.99"
"Women's Antigua  Heather Black Golden State Warriors Bright Quarter-Zip Top","$79.99"
"Women's G-III 4Her by Carl Banks  Heather Gray Golden State Warriors  Heart Pullover Hoodie","$102.99"
"Women's G-III 4Her by Carl Banks White Golden State Warriors Collage Team Graphic Fleece Pullover Sweatshirt","$85.99"
"Men's Antigua Heather Gray Golden State Warriors Cloud Pullover Hoodie","$69.99"
"Women's Antigua  Heather Royal Golden State Warriors Bright Quarter-Zip Top","$64.99"
"Women's Antigua Gray Golden State Warriors Reprocess Quarter-Zip Top","$102.99"
"Men's Antigua Heather Gray Golden State Warriors Brisk Quarter-Zip Windbreaker","$85.99"
"Women's Antigua Black Golden State Warriors Reprocess Polo","$77.99"
"Men's Antigua Charcoal Golden State Warriors Victory Crewneck Pullover Sweatshirt","$102.99"
"Men's Antigua Gray Golden State Warriors Cause Quarter-Zip Top","$68.99"
"Men's Antigua Heather Gray Golden State Warriors Cloud Pullover Hoodie","$103.99"
"Women's Antigua Royal Golden State Warriors Tunnel Polo","$107.99"
"Men's Antigua Heather Gray Golden State Warriors Subtle Quarter-Zip Sweatshirt","$115.99"
"Men's Antigua White/Black Golden State Warriors Bender Quarter-Zip Pullover Top","$76.99"
"Women's Antigua  Heather Royal Golden State Warriors Mentor Quarter-Zip Mock Long Sleeve Top","$102.99"
"Women's Antigua Heather Royal Golden State Warriors Justice Pullover Hoodie","$89.99"
"Women's G-III 4Her by Carl Banks  Royal Golden State Warriors  Heart Pullover Hoodie","$85.99"
"Women's G-III 4Her by Carl Banks Black Golden State Warriors Leopard Heart Graphic Fleece Pullover Hoodie","$95.99"
"Men's Antigua  Heather Gray Golden State Warriors Hunk Quarter-Zip Pullover Top","$69.99"
"Women's Antigua  Gray Golden State Warriors Nostalgic Full-Zip Vest","$69.99"
"Men's Antigua Gray Golden State Warriors Intent Quarter-Zip Top","$94.99"
"Women's Columbia Royal Golden State Warriors Omni-Wick Shotgun Pullover Top","$101.99"
"Women's Antigua  Black Golden State Warriors Flier Bunker Tri-Blend Pullover Sweatshirt","$93.99"
"Men's Antigua Heather Black Golden State Warriors Fortune Full-Zip Vest","$84.99"
"Men's Antigua  Royal Golden State Warriors Insider Quarter-Zip Top","$81.99"
"Men's Antigua Heather Gray Golden State Warriors Certain Quarter-Zip Tri-Blend Sweatshirt","$107.99"
"Men's Antigua Heather Black Golden State Warriors Certain Quarter-Zip Tri-Blend Sweatshirt","$112.99"
"Women's Antigua White Golden State Warriors St. Patrick's Day Intent Quarter-Zip Top","$114.99"
"Women's Antigua Royal Golden State Warriors Intent Quarter-Zip Top","$114.99"
"Men's Antigua White Golden State Warriors Metallic Logo Tribute Quarter-Zip Top","$89.99"
"Women's G-III 4Her by Carl Banks White Golden State Warriors Flowers Team Logo Graphic Fleece Crewneck Pullover Sweatshirt","$85.99"
"Women's Antigua  Heather Black Golden State Warriors Mentor Quarter-Zip Mock Long Sleeve Top","$79.99"
"Women's Antigua Gray Golden State Warriors Reprocess Polo","$64.99"
"Women's Levelwear Royal Golden State Warriors Remi Insignia Core Quarter-Zip Pullover Top","$85.99"
"Women's Antigua Heather Gray Golden State Warriors Victory Pullover Hoodie","$68.99"
"Women's Antigua  Heather Black Golden State Warriors Brushed Metallic Comfort Quarter-Zip Pullover Top","$97.99"
"Women's Antigua  White Golden State Warriors Shamrock Tribute Half-Zip Pullover Top","$100.99"
"Men's Antigua Heather Gray Golden State Warriors Big & Tall Victory Crew Neck Pullover Sweatshirt","$84.99"
"Women's Antigua Heather Black Golden State Warriors Layout Sleeveless V-Neck Polo","$79.99"
"Women's Antigua Olive Golden State Warriors Reprocess Quarter-Zip Top","$90.99"
"Women's G-III 4Her by Carl Banks White Golden State Warriors Graphics Fleece Pullover Hoodie","$67.99"
"Women's Antigua Black Golden State Warriors Victory Quarter-Zip Sweatshirt","$77.99"
"Women's Antigua Charcoal Golden State Warriors Tribute Half-Zip Top","$69.99"
"Women's Antigua Royal Golden State Warriors Reprocess Polo","$85.99"
"Women's Antigua Black Golden State Warriors Reprocess Quarter-Zip Top","$79.99"
"Women's Antigua Gold Golden State Warriors Victory Pullover Hoodie","$68.99"
"Men's Antigua Heather Black Golden State Warriors Bright Quarter-Zip Top","$77.99"
"Men's Antigua  Royal Golden State Warriors Perilous Quarter-Zip Sweatshirt","$100.99"
"Men's Antigua Heather Gray Golden State Warriors Metallic Logo Victory Raglan Pullover Hoodie","$93.99"
"Men's Antigua White/Royal Golden State Warriors Bender Quarter-Zip Pullover Top","$107.99"
"Men's Antigua  Gray Golden State Warriors Steamer Quarter-Snap Pullover Top","$84.99"
"Men's Levelwear Gray Golden State Warriors Finley Insignia Core Quarter-Zip Pullover Top","$89.99"
"Men's Levelwear Royal Golden State Warriors Spector Insignia Core Quarter-Zip Pullover Top","$94.99"
"Men's Antigua White/Gray Golden State Warriors Bender Quarter-Zip Pullover Top","$117.99"
"Men's Levelwear Royal Golden State Warriors Galaxy Insignia Core Quarter-Zip Pullover Top","$97.99"
"Women's Antigua Black Golden State Warriors St. Patrick's Day Intent Quarter-Zip Top","$89.99"
"Men's Antigua Olive Golden State Warriors Reprocess Quarter-Zip Top","$124.99"
"Women's Antigua Gray Golden State Warriors Intent Quarter-Zip Top","$89.99"
"Men's Antigua Heather Gray/Black Golden State Warriors Bullseye Quarter-Zip Pullover Top","$85.99"
"Women's Antigua  Heather Gray Golden State Warriors Bright Quarter-Zip Top","$85.99"
"Women's Antigua Black Golden State Warriors Intent Quarter-Zip Top","$84.99"
"Men's Antigua  Heather Black Golden State Warriors Saga Long Sleeve Hoodie T-Shirt","$85.99"
"Men's Antigua Heather Gray Golden State Warriors Hunk Quarter-Zip Top","$85.99"
"Men's Antigua Black Golden State Warriors Steamer Quarter-Snap Pullover Top","$94.99"
"Men's Antigua  White Golden State Warriors Victory Quarter-Zip Mock Sweatshirt","$92.99"
"Men's Antigua Gray Golden State Warriors Exposure Woven Long Sleeve Button-Up Shirt","$97.99"
"Women's  Antigua Heather Gray Golden State Warriors Layout V-Neck Polo","$94.99"
"Men's Antigua Heather Black Golden State Warriors Hunk Quarter-Zip Top","$98.99"
"Women's Antigua Kelly Green Golden State Warriors St. Patrick's Day Victory Pullover Hoodie","$73.99"
"Women's Antigua  White Golden State Warriors Rings Polo","$92.99"
"Women's Antigua Kelly Green Golden State Warriors St. Patrick's Day Intent Quarter-Zip Top","$89.99"
"Men's Antigua  Royal Golden State Warriors Flier Bunker Pullover Sweatshirt","$81.99"
"Women's Antigua White Golden State Warriors Reprocess Polo","$89.99"
"Women's Antigua Heather Royal Golden State Warriors Matter Polo","$85.99"
"Women's Antigua Black Golden State Warriors Era Polo","$68.99"
"Women's  Antigua Heather Royal Golden State Warriors Layout V-Neck Polo","$73.99"
"Men's Antigua  Black Golden State Warriors Steamer Quarter-Snap Pullover Top","$73.99"
"Men's Antigua  Heather Black Golden State Warriors Hunk Quarter-Zip Pullover Top","$73.99"
"Men's Antigua Heather Gray Golden State Warriors Big & Tall Victory Crew Neck Pullover Sweatshirt","$94.99"
"Men's Antigua Heather Royal Golden State Warriors Determined Quarter-Zip Top","$94.99"
"Women's Antigua Heather Royal Golden State Warriors Layout Sleeveless V-Neck Polo","$103.99"
"Women's Antigua  Heather Black Golden State Warriors Recap Sleeveless Polo","$107.99"
"Men's Antigua Khaki Golden State Warriors Victory Crewneck Pullover Sweatshirt","$67.99"
"Women's  Antigua Heather Black Golden State Warriors Layout V-Neck Polo","$71.99"
"Women's Antigua Heather Gray Golden State Warriors Matter Polo","$103.99"
"Women's G-III 4Her by Carl Banks Royal Golden State Warriors Graphics Fleece Pullover Hoodie","$73.99"
"Men's Antigua Black Golden State Warriors Big & Tall Victory Crew Neck Pullover Sweatshirt","$73.99"
"Women's Antigua Gray Golden State Warriors Era Polo","$69.99"
"Women's Antigua Black Golden State Warriors Tunnel Polo","$103.99"
"Women's Antigua White Golden State Warriors Intent Quarter-Zip Top","$73.99"
"Women's Antigua  Gray Golden State Warriors Axe Bunker Tri-Blend Pullover Hoodie","$76.99"
"Women's Antigua  Gray Golden State Warriors Axe Bunker Tri-Blend Pullover Hoodie","$85.99"
"Women's Antigua  Black Golden State Warriors Axe Bunker Tri-Blend Pullover Hoodie","$87.99"
"Women's Levelwear Royal Golden State Warriors Evian Core Pullover Hoodie","$94.99"
"Men's Antigua Black/Gold Golden State Warriors Content Quarter-Zip Top","$94.99"
"Women's Antigua  Heather Gray Golden State Warriors Mentor Quarter-Zip Mock Long Sleeve Top","$97.99"
"Men's Mitchell & Ness Royal Golden State Warriors Team Origins Anorak Quarter-Zip Pullover Hoodie","$93.99"
"Women's Antigua White Golden State Warriors Experience Full-Zip Vest","$85.99"
"Women's Antigua  Heather Gray Golden State Warriors Brushed Metallic Comfort Quarter-Zip Pullover Top","$114.99"
"Women's Antigua White Golden State Warriors Tunnel Polo","$95.99"
"Women's G-III 4Her by Carl Banks Heather Gray Golden State Warriors Team Collage Graphic Fleece Pullover Hoodie","$84.99"
"Women's Antigua Heather Olive Golden State Warriors Justice Pullover Hoodie","$76.99"
"Men's Antigua Heather Royal Golden State Warriors Spikes Raglan Quarter-Zip Hoodie","$69.99"
"Women's Antigua  Heather Royal Golden State Warriors Recap Sleeveless Polo","$95.99"
"Men's Antigua Black Golden State Warriors Cause Quarter-Zip Top","$114.99"
"Men's Antigua  Royal Golden State Warriors Twine Quarter-Zip Top","$71.99"
"Women's Antigua White Golden State Warriors Era Polo","$100.99"
"Women's Antigua Heather Black Golden State Warriors Matter Polo","$107.99"
"Women's Antigua White Golden State Warriors St. Patrick's Day Victory Pullover Hoodie","$86.99"
"Men's Antigua  Black Golden State Warriors Twine Quarter-Zip Top","$94.99"
"Women's Antigua  Heather Gray Golden State Warriors Confront Quarter-Zip Pullover Top","$73.99"
"Women's Antigua Gray Golden State Warriors Tunnel Polo","$73.99"
"Women's Antigua  Oatmeal Golden State Warriors Flier Bunker Tri-Blend Pullover Sweatshirt","$89.99"
"Men's Levelwear Royal Golden State Warriors Charter Insignia Core Quarter-Zip Pullover Top","$86.99"
"Men's Antigua  Royal Golden State Warriors Flier Bunker Pullover Sweatshirt","$82.99"
"Women's Antigua Heather Gray Golden State Warriors Justice Pullover Hoodie","$76.99"
"Women's Antigua Olive Golden State Warriors Crush Quarter-Zip Fleece Sweatshirt","$81.99"
"Women's Antigua  White Golden State Warriors Rings Polo","$97.99"
"Men's Antigua Black Golden State Warriors Metallic Logo Generation Quarter-Zip Top","$92.99"
"Men's Antigua Olive Golden State Warriors Subtle Quarter-Zip Sweatshirt","$95.99"
"Men's Antigua White Golden State Warriors Reprocess Quarter-Zip Top","$95.99"
"Women's G-III 4Her by Carl Banks White Golden State Warriors Team Collage Graphic Fleece Pullover Hoodie","$81.99"
"Men's Antigua Black Golden State Warriors Reprocess Quarter-Zip Top","$94.99"
"Men's Levelwear Black Golden State Warriors Beam Insignia Core Quarter-Zip Pullover Top","$102.99"
"Men's Antigua  Heather Gray Golden State Warriors Brisk Full-Zip Vest","$85.99"
"Men's Antigua Charcoal Golden State Warriors Victory Crewneck Pullover Sweatshirt","$69.99"
"Men's Antigua Heather Gray Golden State Warriors Tidy Quarter-Zip Hoodie","$85.99"
"Men's Columbia Royal Golden State Warriors Lodge Quarter-Zip Hoodie","$124.99"
"Men's Antigua Black Golden State Warriors Big & Tall Victory Crew Neck Pullover Sweatshirt","$83.99"
"Men's Antigua Heather Black Golden State Warriors Subtle Quarter-Zip Sweatshirt","$90.99"
"Men's Antigua  White Golden State Warriors Shamrock Tribute Quarter-Zip Pullover Top","$90.99"
"Women's Lusso Gold/White Golden State Warriors Maia Tri-Blend Cropped Quarter-Zip Top","$94.99"
"Men's Antigua  Gray Golden State Warriors Tonal Intrepid Pullover Hoodie","$104.99"
"Men's Antigua Black Golden State Warriors Exposure Woven Long Sleeve Button-Up Shirt","$90.99"
"Men's Antigua Royal Golden State Warriors Demand Full-Zip Vest","$102.99"
"Men's Antigua Royal Golden State Warriors Metallic Logo Generation Quarter-Zip Top","$79.99"
"Women's G-III 4Her by Carl Banks  White Golden State Warriors  Heart Pullover Hoodie","$124.99"
"Men's Antigua Kelly Green Golden State Warriors St. Patrick's Day Victory Raglan Pullover Hoodie","$104.99"
"Men's Antigua Black Golden State Warriors Regard Full-Zip Vest","$98.99"
"Women's Antigua Black Golden State Warriors Tribute Half-Zip Top","$102.99"
"Women's G-III 4Her by Carl Banks Royal Golden State Warriors Team Collage Graphic Fleece Pullover Hoodie","$94.99"
"Men's Antigua Royal Golden State Warriors Reprocess Quarter-Zip Top","$69.99"
"Women's G-III 4Her by Carl Banks Black Golden State Warriors Graphics Fleece Pullover Hoodie","$94.99"
"Men's Antigua  Royal Golden State Warriors Victory Quarter-Zip Mock Sweatshirt","$102.99"
"Women's Antigua Royal Golden State Warriors Forward Fleece Pullover Sweatshirt","$79.99"
"Men's Antigua Royal Golden State Warriors Big & Tall Metallic Logo Generation Quarter-Zip Top","$69.99"
"Men's Antigua Black Golden State Warriors Brisk Quarter-Zip Windbreaker","$85.99"
"Men's Antigua Gray Golden State Warriors Regard Full-Zip Vest","$69.99"
"Men's Antigua  Black Golden State Warriors Perilous Quarter-Zip Sweatshirt","$94.99"
"Women's Antigua White Golden State Warriors Reprocess Quarter-Zip Top","$84.99"
"Men's Antigua  Heather Gray/Black Golden State Warriors Victory Colorblock Quarter-Zip Pullover Top","$92.99"
"Men's Antigua Black Golden State Warriors Pure Honeycomb Pullover Hoodie","$102.99"
"Women's G-III 4Her by Carl Banks Heather Gray Golden State Warriors Collage Team Graphic Fleece Pullover Sweatshirt","$102.99"
"Women's Antigua White Golden State Warriors Victory Quarter-Zip Sweatshirt","$107.99"
"Women's Antigua  Heather Gray Golden State Warriors Daybreak Quarter-Zip Hoodie","$77.99"
"Men's Antigua  Black Golden State Warriors Insider Quarter-Zip Top","$84.99"
"Men's Antigua Gray Golden State Warriors Reprocess Quarter-Zip Top","$109.99"
"Men's Antigua  Black/Gray Golden State Warriors Tending 2 Button-Down Long Sleeve Shirt","$64.99"
"Men's Antigua Gray Golden State Warriors Steamer Quarter-Snap Pullover Top","$85.99"
"Men's Antigua Heather Black Golden State Warriors Tidy Quarter-Zip Lightweight Pullover Top","$86.99"
"Men's Antigua Heather Gray/Royal Golden State Warriors Bullseye Quarter-Zip Pullover Top","$112.99"
"Men's Antigua Royal Golden State Warriors Intent Quarter-Zip Top","$85.99"
"Men's Levelwear  Royal Golden State Warriors Asher Insignia Core Quarter-Zip Pullover Top","$80.99"
"Men's Levelwear Royal Golden State Warriors Truth Insignia Core Quarter-Zip Pullover Top","$97.99"
"Men's Antigua  Black Golden State Warriors Flier Bunker Pullover Sweatshirt","$89.99"
"Women's Antigua  Black Golden State Warriors Axe Bunker Tri-Blend Pullover Hoodie","$84.99"
"Men's Levelwear  Charcoal Golden State Warriors Highlite Insignia Core Pullover Hoodie","$93.99"
"Women's Levelwear White Golden State Warriors Loop Pullover Sweatshirt","$109.99"
"Men's Antigua  Black Golden State Warriors Strong Hold Long Sleeve Henley Hoodie T-Shirt","$104.99"
"Women's Antigua  Heather Black Golden State Warriors Confront Quarter-Zip Pullover Top","$92.99"
"Women's Antigua  Charcoal Golden State Warriors Shamrock Tribute Half-Zip Pullover Top","$87.99"
"Women's Antigua Gray Golden State Warriors Experience Full-Zip Vest","$104.99"
"Men's Antigua Black Golden State Warriors St. Patrick's Day Victory Raglan Pullover Hoodie","$97.99"
"Women's Columbia White Golden State Warriors Omni-Wick Shotgun Pullover Top","$94.99"
"Men's Antigua Gray Golden State Warriors Demand Full-Zip Vest","$82.99"
"Women's Antigua Black Golden State Warriors Experience Full-Zip Vest","$79.99"
"Men's Antigua White Golden State Warriors Intent Quarter-Zip Top","$95.99"
"Women's Antigua Olive Golden State Warriors Reprocess Polo","$94.99"
"Men's Antigua  Black Golden State Warriors Brisk Quarter-Zip Windbreaker","$84.99"
"Men's Antigua Heather Gray Golden State Warriors Big & Tall Victory Raglan Pullover Hoodie","$102.99"
"Women's Antigua Pewter Golden State Warriors Tunnel Polo","$95.99"
"Women's Levelwear  Royal Golden State Warriors Energy Insignia Core Half-Zip Pullover Top","$93.99"
"Men's Antigua Heather Gray Golden State Warriors Big & Tall Victory Raglan Pullover Hoodie","$68.99"
"Women's Antigua Black Golden State Warriors St. Patrick's Day Victory Pullover Hoodie","$96.99"
"Men's Antigua Royal Golden State Warriors Big & Tall Victory Crew Neck Pullover Sweatshirt","$95.99"
"Women's G-III 4Her by Carl Banks Heather Gray Golden State Warriors Graphics Fleece Pullover Hoodie","$76.99"
"Women's Antigua  Heather Gray Golden State Warriors Recap Sleeveless Polo","$109.99"
"Men's Antigua Royal Golden State Warriors Big & Tall Victory Crew Neck Pullover Sweatshirt","$107.99"
"Women's G-III 4Her by Carl Banks  Black Golden State Warriors  Heart Pullover Hoodie","$89.99"
"Men's Antigua  Gray Golden State Warriors Twine Quarter-Zip Top","$90.99"
"Women's Antigua Royal Golden State Warriors Era Polo","$69.99"
"Men's FISLL Black/Khaki NBA All Logo Aviator Wool Varsity Jacket","$71.99"
"Men's Jordan Brand  White 2025 NBA All-Star Game Authentic On Court Full-Snap Game Jacket","$103.99"
"Unisex Pro Standard  Black 2025 NBA All-Star Game Satin Jacket","$69.99"
"Women's Pro Standard  Cream 2025 NBA All-Star Game Satin Jacket","$94.99"
"Men's NBA x Staple Black All Teams Fusion Full-Snap Jacket","$73.99"
"Men's NBA x Staple Black All Teams Fusion Full-Snap Jacket","$149.99"
"Unisex Pro Standard  Black 2025 NBA All-Star Game Full-Snap Warm-Up Jacket","$169.99"
"Youth Pro Standard  Black 2025 NBA All-Star Game Wool Varsity Full-Snap Jacket","$175.00"
"Youth Pro Standard  Cream 2025 NBA All-Star Game Satin Full-Snap Jacket","$129.99"
"Men's NBA x Staple Black All Teams Pennant Woven Full-Snap Jacket","$99.99"
"Unisex Pro Standard  Black 2025 NBA All-Star Game x HBCU Full-Snap Satin Jacket","$99.99"
"Unisex Pro Standard  Black 2025 NBA All-Star Game x HBCU Full-Snap Satin Jacket","$129.99"
"Youth Mitchell & Ness  Navy 2000 NBA All-Star Game Satin Lightweight Raglan Full-Snap Jacket","$119.99"
"Men's Starter  Royal 2025 NBA All-Star Game Satin Full-Snap Varsity Jacket","$94.99"
"Unisex Black AUTHMADE  Asian-American Pacific Islander Heritage Collection Heirloom Track Jacket","$239.99"
"Men's Pro Standard  Wine All Star x HBCU Classic Full-Snap Satin Jacket","$174.99"
